task,model,feature,condition,n_subjects,mean,sd
20-c,GCN_LSTM,raw,recall,20,10.733333333333333,1.4331089175602263
20-c,GCN_LSTM,raw,watch,20,10.7,1.7232500234367774
20-c,conformer,raw,recall,20,10.2,1.69070385702634
20-c,conformer,raw,watch,20,10.2,1.4844220329575493
20-c,deepnet,raw,recall,20,9.8,2.131358735285905
20-c,deepnet,raw,watch,20,11.1,1.2287967775298878
20-c,eegnet,raw,recall,20,9.633333333333333,1.581693518341942
20-c,eegnet,raw,watch,20,10.466666666666665,1.4199909397618875
20-c,glfnet,raw,recall,20,9.166666666666666,1.4489358870144537
20-c,glfnet,raw,watch,20,11.566666666666668,2.302045873712851
20-c,glfnet_mlp,de,recall,20,9.9,1.4713640884233086
20-c,glfnet_mlp,de,watch,20,11.266666666666667,1.6599866130651646
20-c,glfnet_mlp,psd,recall,20,7.8,1.5156107756913755
20-c,glfnet_mlp,psd,watch,20,8.8,1.893046679560267
20-c,mlpnet,de,recall,20,10.0,1.1647854507156372
20-c,mlpnet,de,watch,20,10.866666666666669,1.7317131429185162
20-c,mlpnet,psd,recall,20,7.466666666666667,1.6837718727007662
20-c,mlpnet,psd,watch,20,8.133333333333335,1.5233081882066117
20-c,shallownet,raw,recall,20,9.4,1.6740188712456467
20-c,shallownet,raw,watch,20,10.499999999999998,1.6736694986296652
20-c,svm,raw,recall,20,3.8333333333333335,1.4162796168893963
20-c,svm,raw,watch,20,4.2333333333333325,1.6652625664455074
20-c,tsconv,raw,recall,20,9.23333333333333,1.5787329289080891
20-c,tsconv,raw,watch,20,10.433333333333334,1.9856208244474907
4-c,GCN_LSTM,raw,recall,20,36.53333333333334,2.866217835120452
4-c,GCN_LSTM,raw,watch,20,36.16666666666666,2.3283154063783855
4-c,conformer,raw,recall,20,35.83333333333333,2.308134610484613
4-c,conformer,raw,watch,20,37.16666666666667,3.480102169636851
4-c,deepnet,raw,recall,20,34.466666666666676,2.8126697479638656
4-c,deepnet,raw,watch,20,38.86666666666666,3.386246693120078
4-c,eegnet,raw,recall,20,34.099999999999994,3.303551163883747
4-c,eegnet,raw,watch,20,37.533333333333324,3.4137664198932303
4-c,glfnet,raw,recall,20,33.666666666666664,2.3841582427170787
4-c,glfnet,raw,watch,20,39.53333333333334,3.295220710690522
4-c,glfnet_mlp,de,recall,20,34.6,2.183403641562481
4-c,glfnet_mlp,de,watch,20,36.733333333333334,2.183403641562481
4-c,glfnet_mlp,psd,recall,20,33.99999999999999,2.7867690739178643
4-c,glfnet_mlp,psd,watch,20,35.800000000000004,3.3234942507980536
4-c,mlpnet,de,recall,20,35.0,2.3144600117951555
4-c,mlpnet,de,watch,20,36.86666666666666,2.5047323630532494
4-c,mlpnet,psd,recall,20,33.333333333333336,3.2731407382509032
4-c,mlpnet,psd,watch,20,35.2,2.5093975419195367
4-c,shallownet,raw,recall,20,33.96666666666667,3.226172210918525
4-c,shallownet,raw,watch,20,38.266666666666666,3.634789664675626
4-c,svm,raw,recall,20,23.03333333333333,3.008564772163647
4-c,svm,raw,watch,20,27.4,2.917180405883023
4-c,tsconv,raw,recall,20,33.96666666666666,3.0007796257927875
4-c,tsconv,raw,watch,20,36.36666666666666,2.5360557855395105
color,GCN_LSTM,raw,recall,20,30.066666666666663,2.318499212096313
color,GCN_LSTM,raw,watch,20,30.76666666666667,3.060978706766
color,conformer,raw,recall,20,29.299999999999994,2.091195690318024
color,conformer,raw,watch,20,29.599999999999994,3.4020977360810707
color,deepnet,raw,recall,20,28.96666666666666,2.644424787385785
color,deepnet,raw,watch,20,29.733333333333338,2.7563854626509428
color,eegnet,raw,recall,20,28.133333333333336,2.97041946749369
color,eegnet,raw,watch,20,29.400000000000006,3.41924378630355
color,glfnet,raw,recall,20,27.96666666666667,3.204346463369706
color,glfnet,raw,watch,20,28.866666666666667,2.685024529710334
color,glfnet_mlp,de,recall,20,29.26666666666667,2.549165670182126
color,glfnet_mlp,de,watch,20,29.833333333333332,2.297977753240001
color,glfnet_mlp,psd,recall,20,28.166666666666664,2.630233574223164
color,glfnet_mlp,psd,watch,20,29.133333333333333,2.532594536778302
color,mlpnet,de,recall,20,29.200000000000006,2.5000584788482083
color,mlpnet,de,watch,20,29.433333333333337,2.822424821203397
color,mlpnet,psd,recall,20,26.333333333333332,2.4991226530700166
color,mlpnet,psd,watch,20,28.23333333333333,3.331754011826449
color,shallownet,raw,recall,20,27.7,2.572686038033478
color,shallownet,raw,watch,20,27.599999999999994,2.6613983045896212
color,svm,raw,recall,20,18.966666666666665,2.8074670692688883
color,svm,raw,watch,20,20.46666666666666,3.090070874866126
color,tsconv,raw,recall,20,28.100000000000005,2.7382924632031336
color,tsconv,raw,watch,20,29.100000000000005,3.2536079838051633
face,GCN_LSTM,raw,recall,20,64.93333333333334,2.8889788559990106
face,GCN_LSTM,raw,watch,20,64.96666666666667,2.4706463865254897
face,conformer,raw,recall,20,64.63333333333333,3.0929083192595654
face,conformer,raw,watch,20,65.2,3.725053475027287
face,deepnet,raw,recall,20,63.40000000000001,3.315037508718496
face,deepnet,raw,watch,20,62.93333333333334,2.921186973360885
face,eegnet,raw,recall,20,62.1,4.048102580583152
face,eegnet,raw,watch,20,63.0,3.0087591427276736
face,glfnet,raw,recall,20,63.43333333333334,3.43545327159118
face,glfnet,raw,watch,20,62.46666666666666,2.6322338366414626
face,glfnet_mlp,de,recall,20,64.53333333333333,1.5982446511445847
face,glfnet_mlp,de,watch,20,65.2,2.627786741327146
face,glfnet_mlp,psd,recall,20,62.79999999999999,2.6719246408814943
face,glfnet_mlp,psd,watch,20,63.56666666666666,2.4497284728400563
face,mlpnet,de,recall,20,64.49999999999999,1.6736694986296659
face,mlpnet,de,watch,20,64.73333333333333,2.4461450756228977
face,mlpnet,psd,recall,20,62.79999999999999,2.6806650130668506
face,mlpnet,psd,watch,20,63.10000000000001,2.2610353163439054
face,shallownet,raw,recall,20,62.833333333333336,3.163202167616918
face,shallownet,raw,watch,20,62.4,3.0466163764132235
face,svm,raw,recall,20,52.166666666666664,5.108758675517798
face,svm,raw,watch,20,53.4,3.148563210799119
face,tsconv,raw,recall,20,61.56666666666666,2.598019938787842
face,tsconv,raw,watch,20,62.66666666666667,2.7951503532146575
fast_slow,GCN_LSTM,raw,recall,20,62.333333333333336,2.5638056508254827
fast_slow,GCN_LSTM,raw,watch,20,61.19999999999999,2.8986788682581834
fast_slow,conformer,raw,recall,20,61.633333333333326,2.8895860607255117
fast_slow,conformer,raw,watch,20,62.466666666666654,4.326445267765532
fast_slow,deepnet,raw,recall,20,62.43333333333334,4.150811940582454
fast_slow,deepnet,raw,watch,20,62.2,2.448056873551011
fast_slow,eegnet,raw,recall,20,59.43333333333334,3.3247257284760563
fast_slow,eegnet,raw,watch,20,61.53333333333334,3.1942931568548674
fast_slow,glfnet,raw,recall,20,60.89999999999999,3.1439164311914833
fast_slow,glfnet,raw,watch,20,61.3,2.773938867766424
fast_slow,glfnet_mlp,de,recall,20,60.766666666666666,3.282239999635108
fast_slow,glfnet_mlp,de,watch,20,61.733333333333334,3.2256283670895978
fast_slow,glfnet_mlp,psd,recall,20,59.46666666666666,2.946700007749773
fast_slow,glfnet_mlp,psd,watch,20,60.3,2.8895860607255135
fast_slow,mlpnet,de,recall,20,60.56666666666665,2.7211538660232173
fast_slow,mlpnet,de,watch,20,61.0,2.3445844031281555
fast_slow,mlpnet,psd,recall,20,56.36666666666666,4.135002492627433
fast_slow,mlpnet,psd,watch,20,57.46666666666666,3.368932709678123
fast_slow,shallownet,raw,recall,20,61.03333333333334,3.269386622730461
fast_slow,shallownet,raw,watch,20,60.9,3.502881019760234
fast_slow,svm,raw,recall,20,48.233333333333334,3.414965344493786
fast_slow,svm,raw,watch,20,49.699999999999996,4.575423797199185
fast_slow,tsconv,raw,recall,20,61.9,3.180900604384041
fast_slow,tsconv,raw,watch,20,60.26666666666667,3.304436146396846
human,GCN_LSTM,raw,recall,20,60.8,2.8085083760326612
human,GCN_LSTM,raw,watch,20,61.3,2.8405995578316223
human,conformer,raw,recall,20,61.533333333333324,3.2451493266176183
human,conformer,raw,watch,20,62.33333333333333,3.175196268741389
human,deepnet,raw,recall,20,60.93333333333334,2.6876368454211774
human,deepnet,raw,watch,20,61.03333333333334,4.146301106467918
human,eegnet,raw,recall,20,60.4,2.661398304589621
human,eegnet,raw,watch,20,60.266666666666666,3.50371565510286
human,glfnet,raw,recall,20,60.43333333333334,3.5755832141956114
human,glfnet,raw,watch,20,61.40000000000001,3.011867365811411
human,glfnet_mlp,de,recall,20,60.9,2.633788546042214
human,glfnet_mlp,de,watch,20,60.63333333333334,3.240641045528634
human,glfnet_mlp,psd,recall,20,57.03333333333334,2.815786740994465
human,glfnet_mlp,psd,watch,20,59.19999999999999,3.361982149953832
human,mlpnet,de,recall,20,61.5,2.630233574223165
human,mlpnet,de,watch,20,59.999999999999986,2.87762084965792
human,mlpnet,psd,recall,20,57.233333333333334,2.524963088144305
human,mlpnet,psd,watch,20,58.93333333333335,3.211091887677945
human,shallownet,raw,recall,20,60.2,3.7281919484756094
human,shallownet,raw,watch,20,59.93333333333332,3.272426000664426
human,svm,raw,recall,20,50.93333333333333,1.827662681457654
human,svm,raw,watch,20,51.16666666666667,4.572355273656895
human,tsconv,raw,recall,20,59.8,3.013420275100365
human,tsconv,raw,watch,20,59.36666666666666,3.160242791768375
number,GCN_LSTM,raw,recall,20,48.60000000000001,3.2220003956715466
number,GCN_LSTM,raw,watch,20,48.63333333333334,2.748524324962812
number,conformer,raw,recall,20,47.833333333333336,3.111006681622432
number,conformer,raw,watch,20,49.13333333333333,2.7453309646130375
number,deepnet,raw,recall,20,46.2,3.7093212758516056
number,deepnet,raw,watch,20,46.43333333333334,2.772251813410727
number,eegnet,raw,recall,20,45.666666666666664,2.635786110641877
number,eegnet,raw,watch,20,45.93333333333333,3.3079737088555485
number,glfnet,raw,recall,20,45.03333333333334,3.8901585229053746
number,glfnet,raw,watch,20,46.86666666666667,3.619957674787297
number,glfnet_mlp,de,recall,20,47.733333333333334,3.181819700766707
number,glfnet_mlp,de,watch,20,48.63333333333334,2.4131704898049566
number,glfnet_mlp,psd,recall,20,46.3,4.306801366640433
number,glfnet_mlp,psd,watch,20,47.13333333333334,3.4342614994760696
number,mlpnet,de,recall,20,47.63333333333334,3.686390332589663
number,mlpnet,de,watch,20,48.1,2.7974508028117393
number,mlpnet,psd,recall,20,46.1,3.5493183597295763
number,mlpnet,psd,watch,20,46.73333333333333,3.329120144373362
number,shallownet,raw,recall,20,44.7,3.2765336126186595
number,shallownet,raw,watch,20,45.5,3.720497985909668
number,svm,raw,recall,20,36.43333333333333,4.0191064148973465
number,svm,raw,watch,20,36.43333333333334,2.772251813410727
number,tsconv,raw,recall,20,44.166666666666664,3.631409437522018
number,tsconv,raw,watch,20,45.53333333333333,2.845741663263742
state,GCN_LSTM,raw,full,20,95.51666666666667,3.3341665625260326
state,GCN_LSTM,raw,without_alpha,20,95.56666666666666,1.75752351019521
state,conformer,raw,full,20,95.06666666666665,3.4836292160073343
state,conformer,raw,without_alpha,20,93.88333333333333,3.688570936766102
state,deepnet,raw,full,20,84.76666666666667,7.869624778351683
state,deepnet,raw,without_alpha,20,79.23333333333333,10.223868415630013
state,eegnet,raw,full,20,94.88333333333333,3.387757456606851
state,eegnet,raw,without_alpha,20,92.53333333333333,3.8379453567506006
state,glfnet,raw,full,20,96.51666666666667,2.9725350985784336
state,glfnet,raw,without_alpha,20,95.21666666666667,3.253922509204304
state,glfnet_mlp,de,full,20,98.58333333333334,1.1691702460837294
state,glfnet_mlp,de,without_alpha,20,98.33333333333333,1.552210270918924
state,glfnet_mlp,psd,full,20,95.48333333333333,3.9313926226232323
state,glfnet_mlp,psd,without_alpha,20,93.23333333333332,4.209568604531503
state,mlpnet,de,full,20,98.56666666666668,1.1752814767993247
state,mlpnet,de,without_alpha,20,98.20000000000002,1.590909850383353
state,mlpnet,psd,full,20,95.36666666666666,3.5899469770799697
state,mlpnet,psd,without_alpha,20,91.69999999999999,4.496782475457195
state,shallownet,raw,full,20,95.96666666666665,3.3506567393266833
state,shallownet,raw,without_alpha,20,94.78333333333333,2.837252191822222
state,svm,de,full,20,95.11666666666666,2.789443340892011
state,svm,de,without_alpha,20,94.51666666666668,3.1464730092058355
state,svm,psd,full,20,83.43333333333334,7.775429887891761
state,svm,psd,without_alpha,20,81.51666666666668,7.35759543100297
state,svm,raw,full,20,88.1,4.797782138685791
state,svm,raw,without_alpha,20,86.73333333333333,5.106583298298008
state,tsconv,raw,full,20,96.53333333333335,2.1477582492161527
state,tsconv,raw,without_alpha,20,96.08333333333333,2.184140067911697
